"Krzysztof Bartosz" <krzysztof.jakub.bartosz[at]gmail.com>
"Jakub Byszewski" <Jakub.Byszewski[at]im.uj.edu.pl>
"Slawomir Cynk" <Slawomir.Cynk[at]uj.edu.pl>
"Marcin Dumnicki" <Marcin.Dumnicki[at]im.uj.edu.pl>
"Zenon Jablonski" <Zenon.Jablonski[at]im.uj.edu.pl>
"Piotr Jucha" <Piotr.Jucha[at]im.uj.edu.pl>
"Lukasz Kosinski" <Lukasz.Kosinski[at]im.uj.edu.pl>
"Piotr Koscielniak" <Piotr.Koscielniak[at]im.uj.edu.pl>
"Marcin Kulczycki" <Marcin.Kulczycki[at]im.uj.edu.pl>
"Dominik Kwietniak" <dominik.kwietniak[at]im.uj.edu.pl>
"Marcin Mazur" <Marcin.Mazur[at]im.uj.edu.pl>
"Vladimir Mityushev" <vmityu[at]yahoo.com>
"Piotr Niemiec" <Piotr.Niemiec[at]im.uj.edu.pl>
"Leszek Pieniazek" <Leszek.Pieniazek[at]im.uj.edu.pl>
"Slawomir Rams" <Slawomir.Rams[at]im.uj.edu.pl>
"Wojciech Slomczynski" <wojciech.slomczynski[at]im.uj.edu.pl>
"Maciej Ulas" <Maciej.Ulas[at]im.uj.edu.pl>
"Pawel Wilczynski" <Pawel.Wilczynski[at]im.uj.edu.pl>
"Pawel Zapalowski" <Pawel.Zapalowski[at]im.uj.edu.pl>
"Dariusz Zawisza" <Dariusz.Zawisza[at]im.uj.edu.pl>
"Krzysztof Bartosz" <kwojtek.jakub.bartosz[at]gmail.com>
"Krzysztof Bartosz" <Dariusz.Zawisza[at]gmail.com>
"Krzysztof Bartosz" <Jan.kowalski[at]gmail.com>
"Krzysztof Bartosz" <Zenon.wisniewski[at]gmail.com>
"Krzysztof Bartosz" <Marta.klisko[at]gmail.com>
"Joanna Orewczyk" <Joanna.Orewczyk[at]im.uj.edu.pl>
"Jacek Tabor" <jacek.tabor[at]ii.uj.edu.pl>